<?xml version="1.0" encoding="iso-8859-1"?>
<log4j:configuration debug="false">

    <appender name="default.console" class="org.apache.log4j.ConsoleAppender">
        <param name="target" value="System.out" />       
        <layout class="org.apache.log4j.PatternLayout">
            <param name="ConversionPattern" value="%-5p [%t]: %m%n" />
        </layout>
    </appender>

    <appender name="default.file" class="org.apache.log4j.FileAppender">
        <param name="file" value="target/processor.log" />
        <param name="append" value="true" />
        <layout class="org.apache.log4j.PatternLayout">
            <param name="ConversionPattern" value="%-5p [%t]: %m%n" />
        </layout>
    </appender>    

    <root>
        <priority value="info" />
        <appender-ref ref="default.console" />
        <appender-ref ref="default.file" />
    </root>
</log4j:configuration>

